[
   {
      "ads":[
         {
            "duration":30,
            "streamformat":"mp4",
            "streams":[
               {
                  "bitrate":1230,
                  "height":480,
                  "mimetype":"video/mp4",
                  "url":"http://htmlsamples.blob.core.windows.net/video/Windows_8_Cliffjumpers_852x480.mp4",
                  "width":852
               }
            ],
            "tracking":[
               {
                  "event":"Impression",
                  "time":0,
                  "url":"http://example.com?sigh=p7qeOXXzu0w&label=part2viewed"
               },
               {
                  "event":"FirstQuartile",
                  "time":7.5,
                  "url":"http://example.com?OXXzu0w&label=videoplaytime25"
               },
               {
                  "event":"Midpoint",
                  "time":15,
                  "url":"http://example.com?sigh=p7qeOXXzu0w&label=videoplaytime50"
               },
               {
                  "event":"ThirdQuartile",
                  "time":22.5,
                  "url":"http://example.com?sigh=p7qeOXXzu0w&label=videoplaytime75"
               },
               {
                  "event":"Complete",
                  "time":30,
                  "url":"http://example.com?sigh=p7qeOXXzu0w&label=videoplaytime100"
               }
            ]
         }
      ],
      "rendersequence":"preroll"
   },
   {
      "ads":[
         {
            "duration":30,
            "streamformat":"mp4",
            "streams":[
               {
                  "bitrate":560,
                  "height":360,
                  "mimetype":"video/mp4",
                  "url":"https://gcdn.2mdn.net/videoplayback/id/f486c7ff278f2556/itag/18/source/doubleclick_dmm/ratebypass/yes/ip/0.0.0.0/ipbits/0/expire/3579690341/sparams/id,itag,source,ratebypass,ip,ipbits,expire/signature/B82BC58C6D64B9D2FDAB479FA2C875BCC9A907D5.7E03E3E3D0457ECAEB810E7B61420CE70F20DD87/key/ck2/file/file.mp4",
                  "width":640
               }
            ],
            "tracking":[
               {
                  "event":"Impression",
                  "time":0,
                  "url":"http://example.com?AQ&sigh=qJJJ8FaZe7w&label=part2viewed"
               },
               {
                  "event":"FirstQuartile",
                  "time":7.5,
                  "url":"http://example.com?AaAGI9gHAQ&sigh=qJJJ8FaZe7w&label=videoplaytime25"
               },
               {
                  "event":"Midpoint",
                  "time":15,
                  "url":"http://example.com?AaAGI9gHAQ&sigh=qJJJ8FaZe7w&label=videoplaytime50"
               },
               {
                  "event":"ThirdQuartile",
                  "time":22.5,
                  "url":"http://example.com?AaAGI9gHAQ&sigh=qJJJ8FaZe7w&label=videoplaytime75"
               },
               {
                  "event":"Complete",
                  "time":30,
                  "url":"http://example.com?AaAGI9gHAQ&sigh=qJJJ8FaZe7w&label=videoplaytime100"
               }
            ]
         }
      ],
      "rendersequence":"midroll",
      "rendertime":301
   },
   {
      "ads":[
         {
            "duration":31,
            "streamformat":"hls",
            "streams":[
               {
                  "bitrate":622,
                  "height":360,
                  "mimetype":"application/x-mpegURL",
                  "url":"http://hdadshds-f.akamaihd.net/i/video/campaigns/fx/millercoors/snowparty30enhdns_,340,50,30,22,15,450,180,250,130,80,0.mp4.csmil/master.m3u8",
                  "width":640
               }
            ],
            "tracking":[
               {
                  "event":"Impression",
                  "time":0,
                  "url":"http://example.com?label=part2viewd"
               },
               {
                  "event":"FirstQuartile",
                  "time":7.5,
                  "url":"http://example.com?yFk1PE&label=videoplaytime25"
               },
               {
                  "event":"Midpoint",
                  "time":15,
                  "url":"http://example.com?yFk1PE&label=videoplaytime50"
               },
               {
                  "event":"ThirdQuartile",
                  "time":22.5,
                  "url":"http://example.com?yFk1PE&label=videoplaytime75"
               },
               {
                  "event":"Complete",
                  "time":30,
                  "url":"http://example.com?yFk1PE&label=videoplaytime100"
               }
            ]
         }
      ],
      "rendersequence":"postroll"
   }
]
