[
  {
    "ads": [
      {
        "duration": 10,
        "streamformat": "iroll",
        "streams": [
          {
            "mimetype": "application/json",
            "url": "https://s3.ap-south-1.amazonaws.com/oscwsapi/oscjson.json"
          }
        ]
      }
    ],
    "duration": 10,
    "rendersequence": "midroll",
    "rendertime": 45,
    "tracking": [],
    "viewed": false
  },
  {
    "ads": [
      {
       
        "duration": 10,
        "streamformat": "iroll",
        "streams": [
          {
            "mimetype": "application/json",
            "url": "https://s3.ap-south-1.amazonaws.com/oscwsapi/oscjson2.json"
          }
        ]
      }
    ],
    "duration": 10,
    "rendersequence": "midroll",
    "rendertime": 95,
    "tracking": [],
    "viewed": false
  },
  {
    "ads": [
     {
       
        "duration": 10,
        "streamformat": "iroll",
        "streams": [
          {
            "mimetype": "application/json",
            "url": "https://s3.ap-south-1.amazonaws.com/oscwsapi/oscjson.json"
          }
        ]
      }
    ],
    "duration": 10,
    "rendersequence":"postroll",
    "rendertime": 120,
    "tracking": [],
    "viewed": false
  }
]