<?xml version="1.0" encoding="UTF-8"?>
<component name="userinfo" extends="Group" >
<children>
     <Rectangle id="description"
	  color="0x000000FF" 
	  width="1280" 
	  height="720" 
	  translation="[0,0]" 
	  visible="false">
        <LayoutGroup layoutDirection="vert" vertAlignment="top" itemSpacings="25" translation="[280, 250]">
        <label id = "userInfo"
            width="720"
            height="20"
            font="font:MediumBoldSystemFont"
            text="Name:- Happy Customer"
            horizAlign="left"
            vertAlign="center"/>
        <label id = "phone"
            width="720"
            height="20"
            font="font:MediumBoldSystemFont"
            text="Mobile:- 987654321"
            horizAlign="left"
            vertAlign="center"/>
        <label id = "Address"
            width="720"
            height="20"
            font="font:MediumBoldSystemFont"
            text="Delivery Address:- Go Left Right Left Right then straight"
            horizAlign="left"
            vertAlign="center"/>
        <label id = "Address"
            width="720"
            height="20"
            font="font:MediumBoldSystemFont"
            text="Mode of Payment:- COD"
            horizAlign="left"
            vertAlign="center"/>
        </LayoutGroup>
     </Rectangle>
    </children>
</component>
